experiment,object,method,bits,seed,snr_db,read_noise_e,exposure_s,psnr_db,ssim,nrmse,frc_cutoff_nyquist,frc_resolution_um,frc_reached_nyquist,final_diffraction_error,diffraction_nrmse,high_q_diffraction_nrmse,diffraction_log10_rmse,saturated_fraction_0p5ms,saturated_fraction_1ms,saturated_fraction_5ms,saturated_fraction_10ms,saturated_fraction_50ms,saturated_fraction_100ms,saturated_fraction_500ms,all_saturated_pixels,amplitude_scale,align_shift_y_px,align_shift_x_px,iterations,recon_seconds,task_seconds,diverged,status,error
bit_sweep,cameraman,single,2,0,113.97940008672037,5.0,0.01,10.432593410276322,0.1940191851966847,0.3943032282947136,0.05683204428911476,10.049401543110033,0,2.9869566498067157,0.4677560198497727,1.0,2.296951432001541,0.0,0.0,0.0,0.0,0.0008538818359375,0.001466064453125,0.0031475830078125,0,0.11391255563115302,6.0,-2.0,20,2.38500250026118,4.6828957999823615,0,ok,
bit_sweep,cameraman,lrfc,2,0,113.97940008672037,5.0,,19.839966119689144,0.4790511224796634,0.13349398491526962,0.1570696685962236,3.636144640027968,0,0.03864750091313047,0.32799744874061254,1.0,2.2260821746984187,0.0,0.0,0.0,0.0,0.0008538818359375,0.001466064453125,0.0031475830078125,0,0.9465750863937826,0.25,0.7,20,2.2617628999287263,5.033610299928114,0,ok,
bit_sweep,cameraman,ml_eq14_15,2,0,113.97940008672037,5.0,,16.840699401639853,0.3832298970933201,0.1885493472506577,0.1248907114171057,4.573022501807151,0,0.08336627110679821,0.8236477049529026,1.0,2.226175113653618,0.0,0.0,0.0,0.0,0.0008538818359375,0.001466064453125,0.0031475830078125,0,0.6692653624817109,-0.7,2.1,20,2.194567499915138,5.094892199966125,0,ok,
bit_sweep,cameraman,ml_masked,2,0,113.97940008672037,5.0,,20.076564964675583,0.49891526279623977,0.12990676116697525,0.16096037003955027,3.548252488713795,0,0.026457121063057667,0.1607575198227971,1.0,2.2260809837312117,0.0,0.0,0.0,0.0,0.0008538818359375,0.001466064453125,0.0031475830078125,0,0.789581612292969,0.45,0.25,20,2.143811500049196,5.510772199952044,0,ok,
bit_sweep,cameraman,single,8,0,113.97940008672037,5.0,0.01,20.545581888835187,0.47158153736185104,0.12307813559656454,0.21526728603606926,2.65311113497028,0,0.02413480538180143,0.0204194667027412,1.0,2.203573343964815,0.0,0.0,0.0,0.0,0.0006732177734375,0.001365966796875,0.002593994140625,0,0.8274666124881236,0.05,0.2,20,2.311029399977997,4.910549500025809,0,ok,
bit_sweep,cameraman,lrfc,8,0,113.97940008672037,5.0,,27.263244110840745,0.8167476681998512,0.056793390688117486,0.6776306934380835,0.842830820840486,0,0.003385228166466443,0.0033746508569627593,0.33991871897259374,1.8140714657540622,0.0,0.0,0.0,0.0,0.0006732177734375,0.001365966796875,0.002593994140625,0,0.7340381524228924,0.15000000000000002,-0.15,20,2.2526600001147017,4.889682800043374,0,ok,
bit_sweep,cameraman,ml_eq14_15,8,0,113.97940008672037,5.0,,18.754620379794286,0.5035048734428379,0.15126170253983542,0.33648181244779213,1.6973518699936947,0,0.03481843406244709,0.8200583838578668,0.34033028373981045,1.8142490238927569,0.0,0.0,0.0,0.0,0.0006732177734375,0.001365966796875,0.002593994140625,0,0.615143993187405,-0.4,0.65,20,2.2771916002966464,5.205292999977246,0,ok,
bit_sweep,cameraman,ml_masked,8,0,113.97940008672037,5.0,,27.70076754030959,0.8234723251490651,0.0540034650179861,0.7190672831149836,0.794262299214913,0,0.002972828747728643,0.00371583337461274,0.34033028473138377,1.8140791637790674,0.0,0.0,0.0,0.0,0.0006732177734375,0.001365966796875,0.002593994140625,0,0.7284596788513056,0.1,-0.15,20,2.15775490028318,5.3668390000239015,0,ok,
bit_sweep,cameraman,single,16,0,113.97940008672037,5.0,0.01,31.589908834158464,0.9100305915113269,0.03451155767876506,0.8339380023424161,0.6848567063413685,0,0.001896486493871669,0.0013948163493612167,0.1889388438964303,1.515903819600508,0.0,0.0,0.0,0.0,0.000672607421875,0.001363525390625,0.0025885009765625,0,0.7314723001864385,-0.05,-0.15,20,2.449935099808499,4.239088999922387,0,ok,
bit_sweep,cameraman,lrfc,16,0,113.97940008672037,5.0,,42.24488228597813,0.9926096467233912,0.010120824382843308,1.0,0.5711280335771276,1,0.0008596384972910512,0.0009732613673566939,0.014136506658490571,0.4642929436562289,0.0,0.0,0.0,0.0,0.000672607421875,0.001363525390625,0.0025885009765625,0,0.7285819682801656,-0.05,-0.05,20,2.354359100223519,4.421880200039595,0,ok,
bit_sweep,cameraman,ml_eq14_15,16,0,113.97940008672037,5.0,,19.78037495589992,0.5739543312285218,0.13441299417718447,0.5324278141811387,1.0726863217232723,0,0.024867732790989736,0.8200571194412586,0.014423774923792081,0.4580926394414185,0.0,0.0,0.0,0.0,0.000672607421875,0.001363525390625,0.0025885009765625,0,0.6561088894633484,-0.15,0.7,20,2.323803099687211,4.64696400007233,0,ok,
bit_sweep,cameraman,ml_masked,16,0,113.97940008672037,5.0,,42.223207778077885,0.9921631044161717,0.010146111120531853,1.0,0.5711280335771276,1,0.0008612381613562455,0.0007788436171484601,0.0144237744344221,0.4574194704441293,0.0,0.0,0.0,0.0,0.000672607421875,0.001363525390625,0.0025885009765625,0,0.72832665241555,-0.05,-0.05,20,2.2593491001753137,4.910034300060943,0,ok,
bit_sweep,cameraman,single,20,0,113.97940008672037,5.0,0.01,35.35382459799599,0.9341509798753204,0.02237529518416603,1.0,0.5711280335771276,1,0.0016733599931872305,0.001375204161046089,0.1394659788573844,1.1019380141925945,0.0,0.0,0.0,0.0,0.000672607421875,0.001363525390625,0.0025885009765625,0,0.7408369304475123,-0.05,-0.1,20,2.355358999921009,4.3395800000289455,0,ok,
bit_sweep,cameraman,lrfc,20,0,113.97940008672037,5.0,,42.34333318011699,0.9935808230696248,0.01000675678408873,1.0,0.5711280335771276,1,0.0008351580771040757,0.0009732579952028259,0.012024456798735195,0.2897131267052568,0.0,0.0,0.0,0.0,0.000672607421875,0.001363525390625,0.0025885009765625,0,0.7283081574816253,-0.05,-0.05,20,1.8677462000632659,4.013408500002697,0,ok,
bit_sweep,cameraman,ml_eq14_15,20,0,113.97940008672037,5.0,,19.888343687431494,0.5862282170811108,0.13275253376671498,0.5430714606610197,1.0516627643845577,0,0.024801129538795666,0.8200579563973478,0.010973081533045643,0.2880512955504226,0.0,0.0,0.0,0.0,0.000672607421875,0.001363525390625,0.0025885009765625,0,0.6548769964033757,-0.15,0.7,20,1.9832265001023188,4.35356940003112,0,ok,
bit_sweep,cameraman,ml_masked,20,0,113.97940008672037,5.0,,41.973102888628226,0.9925685099466086,0.010442509015574754,1.0,0.5711280335771276,1,0.0008396617087585647,0.0007786191893013301,0.010973080743741677,0.2869795274076399,0.0,0.0,0.0,0.0,0.000672607421875,0.001363525390625,0.0025885009765625,0,0.7278526189132117,-0.05,-0.05,20,2.1979547997470945,4.767354200012051,0,ok,
