profile,case,runs,successful_runs,baseline_psnr_db_mean,baseline_psnr_db_std,baseline_ssim_mean,baseline_ssim_std,baseline_nrmse_mean,baseline_nrmse_std,diffraction_nrmse_mean,diffraction_nrmse_std,high_q_diffraction_nrmse_mean,high_q_diffraction_nrmse_std,final_error_per_frame_mean,final_error_per_frame_std,saturation_fraction_mean,saturation_fraction_std
low_noise,single_0.5ms,3,3,15.480458174623038,0.03746327128123708,0.3490102122471092,0.011088615103850168,0.13508219742246388,0.0005823540536058179,0.0473199178506395,1.798463017513271e-05,1.0,0.0,0.0939457758498295,0.0012814973559385889,0.0,0.0
low_noise,single_1ms,3,3,19.145920516379164,0.037901163967092075,0.4134958331043781,0.011675704386887469,0.08857783509515245,0.00038603307161689984,0.017818237573676093,3.0425383793036123e-07,1.0,0.0,0.06882607053493815,0.00034603918371788007,0.0,0.0
low_noise,single_5ms,3,3,16.823810128254497,0.12013602706075775,0.24661529039876584,0.026475190992347505,0.11573253909884967,0.0015973110106004818,0.1665094729808568,1.1219882312986168e-07,1.0,0.0,0.07436259929722701,0.00015051873686269227,0.0007529053287981859,0.0
low_noise,single_10ms,3,3,11.685180615576053,0.07260473039778276,0.09138170149596547,0.010386912409078568,0.20910741033961613,0.0017494913641635617,0.5556869123326205,6.974141069271907e-10,0.9210617218091907,6.038221151165618e-05,0.11550494550692174,0.0003080685712011119,0.000952203798185941,0.0
low_noise,single_50ms,3,3,12.812464526531016,0.012835159801266085,0.07938194678469163,0.007462287692646413,0.183651898908894,0.0002714819057265234,0.890951080121523,3.554311524987827e-10,0.4527543424598468,1.9968686301215317e-05,0.11946308953383616,0.0019622136814388424,0.004249486252834467,0.0
low_noise,single_100ms,3,3,11.030888665360557,0.7745290139029322,0.08204684340895461,0.05404980113661669,0.22605035064223625,0.019631321492236037,0.9419329025879174,2.288646043901474e-12,0.3139971765187221,5.3873980630694446e-06,0.13946450774684102,0.0031855541267069637,0.00467687074829932,0.0
low_noise,single_500ms,3,3,13.682832841477108,0.6346836572028108,0.1811571744142797,0.013192939598208555,0.16643382605630783,0.011970502037887349,0.9874117483754715,2.2557666488756296e-13,0.1203226851851761,3.946673936694613e-06,0.14829526132956197,0.00031862321302575006,0.011647888321995465,2.2144274376420872e-06
low_noise,paper_ml_hdr,3,3,14.439620377206438,0.2943818027354808,0.05890139304783182,0.052029499329452285,0.1523366998862822,0.00520667847711176,0.9573235001044779,3.704097666464068e-07,0.12438330124030221,5.817029400360881e-05,0.11827049048365042,0.0018349219352050655,,
low_noise,saturation_mask_extension,3,3,28.51650659136675,0.3433062258752796,0.8164364670251155,0.0024600194391100243,0.03013129026603907,0.0011796212061883815,0.0029240046193910237,6.725513581072694e-05,0.1243833029960424,5.817040116547013e-05,0.016682940095661358,0.00031525743955716556,,
read_noise_025adu,single_0.5ms,3,3,8.45456554521556,0.062311355183720836,0.030022185666626417,0.001185248475728841,0.30331752614993873,0.0021754981788251002,0.16908311445894367,0.0002325893195314089,216.02094793704217,0.7106880707231724,1.8739998198814964,0.5247212348302825,0.0,0.0
read_noise_025adu,single_1ms,3,3,10.962899487499818,0.07148832485140513,0.0536229046919878,0.0004883062794305203,0.2272391518942509,0.0018686903607798694,0.08431450143554868,0.0006390158458473183,108.14481887387099,0.6254387855715487,0.4704607040207874,0.019717238634655798,0.0,0.0
read_noise_025adu,single_5ms,3,3,14.360247635512954,0.8692118994682043,0.09398284280019491,0.018556566494080294,0.15419927013346355,0.01584917598457634,0.16748505019816237,7.859382752446746e-05,21.61003166185844,0.08418594668421163,0.17260856117382875,0.0017837660584047379,0.0007529053287981859,0.0
read_noise_025adu,single_10ms,3,3,9.510747399824202,0.16243570481811065,0.023888075282320394,0.006587475327178086,0.2686157217863223,0.004998911959509583,0.5557804386002968,4.576881924158963e-05,10.931668058867656,0.015340877269796832,0.1964627075942873,0.0011617965774705,0.000952203798185941,0.0
read_noise_025adu,single_50ms,3,3,11.689051276293648,0.22885216149875928,0.016315104307289743,0.0027988802874971304,0.20905762902457195,0.005488080021956255,0.8909594502915694,8.99577693260593e-06,2.2695283177929646,0.01618201502628014,0.15040344958444393,0.0017228473732155407,0.004250224395313681,1.2785002772235523e-06
read_noise_025adu,single_100ms,3,3,9.869308697002424,0.2305703456484513,0.07538487498150857,0.007967443550883576,0.25778315327964524,0.0068049929882364035,0.9419434051833223,7.305939132906864e-06,1.1698639779031066,0.006729418658737521,0.15579864337867677,0.0006289596739319732,0.00467687074829932,0.0
read_noise_025adu,single_500ms,3,3,13.392057926909368,0.34904455108292687,0.17321768904846233,0.014007964836622968,0.17188923602198458,0.006883908106829672,0.9874124944478302,1.757036264369576e-07,0.2685235552018232,0.0012336179824399157,0.15051640655837326,0.0022437198452874415,0.011647888321995465,2.2144274376420872e-06
read_noise_025adu,paper_ml_hdr,3,3,13.38462061750805,0.6173565533129564,0.048238197913841534,0.052843716259197863,0.172234599744543,0.012286218840977647,0.9573358134117127,4.238866701514629e-06,1.4209769561756376,0.09904192167488723,0.13983259982584126,0.0024772895098759537,,
read_noise_025adu,saturation_mask_extension,3,3,25.675379818839804,0.11925504555451297,0.5388738841053661,0.01568120181318156,0.0417711642954658,0.0005719037739704969,0.006098652673969349,0.000210211378275348,1.420976983951009,0.09904192564660498,0.023914370261539447,0.0022915081024094323,,
read_noise_1adu,single_0.5ms,3,3,4.36022865733738,0.05376881280189784,0.004128841015770184,0.002289791341855708,0.4859733389608933,0.0030052304957042223,0.597185956359381,0.0003657682130115186,803.7213317557429,0.23549691083753255,47.019204378275184,11.475523910734202,0.0,0.0
read_noise_1adu,single_1ms,3,3,4.82397532504961,0.05248697660565918,0.009052779954332499,0.0022963453748002334,0.46070704870533774,0.002786902024796689,0.301777473199395,0.0005369306791456251,403.23954698387683,0.8044970427767675,47.72889017297669,3.422519459619338,0.0,0.0
read_noise_1adu,single_5ms,3,3,7.301142425449494,0.019641810118589394,0.026444133603023275,0.001457427227964721,0.3463872936443955,0.0007838097788427606,0.17821417451455968,0.0005370868110042385,80.28844809071641,0.42531411587138285,1.439642145554177,0.2566823353618619,0.0007543816137566138,1.2785002772233645e-06
read_noise_1adu,single_10ms,3,3,7.169302753564263,0.11670762001061413,0.015801673091701607,0.0016928065370538257,0.35170568898348,0.004742462483393579,0.5571254927388849,0.00027984806876335224,40.09624464924624,0.06511498342933988,0.48268934298336424,0.0028660542922832365,0.000952203798185941,0.0
read_noise_1adu,single_50ms,3,3,8.580368659536942,0.0354479397947106,-0.009363559898075852,0.006197030952534948,0.298952582886869,0.0012189841160567345,0.8911269819166452,1.0106417588984807e-05,8.034598350309833,0.023490261533109607,0.2825851889230709,0.0015465832775994916,0.004248009967876039,4.6096983052239566e-06
read_noise_1adu,single_100ms,3,3,10.287926648272139,0.4076899398138412,0.06256057644799891,0.007907497880810731,0.2457776815328955,0.011617811845709656,0.9420342517789227,2.300831166715836e-05,4.04818859680496,0.007841438117961251,0.2360300127235236,0.003521269061097023,0.00467687074829932,0.0
read_noise_1adu,single_500ms,3,3,11.184432295632746,1.1331405832550303,0.10877742018211738,0.010807604323564354,0.2227621456082476,0.028722637656346108,0.9874263747932019,6.796559761393353e-06,0.825229138575474,0.0023551734545685724,0.19076954593732856,0.0022539802673920456,0.011650102749433107,2.21442743764122e-06
read_noise_1adu,paper_ml_hdr,3,3,11.411066770483634,0.48370073967337607,0.11871922259195138,0.008512110469722813,0.2160279913702482,0.01187227443427723,0.9574999288846363,1.0370952139639954e-05,2.7394685929679756,0.9655742777600506,0.15314988922151215,0.002448063443432988,,
read_noise_1adu,saturation_mask_extension,3,3,22.8037262705971,0.1699018021609117,0.3415218810923082,0.011202121874609929,0.05814163339366838,0.0011316929136640406,0.017308229554205013,0.0008708137692308133,2.739468521942508,0.9655742186583155,0.031838440833956906,0.0009446190538677197,,
